{"_id":{"$oid":"625eda12e1a2f4e0ef96c09b"},"contributors":null,"truncated":false,"text":"Putin reappears on TV amid claims he is unwell and under threat of coup http://t.co/YZln23EUx1 http://t.co/ZsAnBa5gz3","in_reply_to_status_id":null,"id":576513463738109954,"favorite_count":20,"source":"<a href=\"http://www.socialflow.com\" rel=\"nofollow\">SocialFlow</a>","retweeted":false,"coordinates":null,"entities":{"symbols":[],"user_mentions":[],"hashtags":[],"urls":[{"url":"http://t.co/YZln23EUx1","indices":[72,94],"expanded_url":"http://dailym.ai/1GBg3Yx","display_url":"dailym.ai/1GBg3Yx"}],"media":[{"expanded_url":"http://twitter.com/MailOnline/status/576513463738109954/photo/1","display_url":"pic.twitter.com/ZsAnBa5gz3","url":"http://t.co/ZsAnBa5gz3","media_url_https":"https://pbs.twimg.com/media/CAAv8NMWsAE72Rz.jpg","id_str":"576513463683559425","sizes":{"large":{"h":422,"resize":"fit","w":634},"small":{"h":226,"resize":"fit","w":340},"medium":{"h":399,"resize":"fit","w":600},"thumb":{"h":150,"resize":"crop","w":150}},"indices":[95,117],"type":"photo","id":576513463683559425,"media_url":"http://pbs.twimg.com/media/CAAv8NMWsAE72Rz.jpg"}]},"in_reply_to_screen_name":null,"id_str":"576513463738109954","retweet_count":53,"in_reply_to_user_id":null,"favorited":false,"user":{"follow_request_sent":false,"profile_use_background_image":true,"profile_text_color":"333333","default_profile_image":false,"id":15438913,"profile_background_image_url_https":"https://pbs.twimg.com/profile_background_images/378800000047824158/fbb4b789abbaea568d7588f6df3c2277.jpeg","verified":true,"profile_location":null,"profile_image_url_https":"https://pbs.twimg.com/profile_images/532299325833883648/CU-y6QlF_normal.jpeg","profile_sidebar_fill_color":"E3E3E3","entities":{"url":{"urls":[{"url":"http://t.co/5os3efPsqo","indices":[0,22],"expanded_url":"http://www.dailymail.co.uk","display_url":"dailymail.co.uk"}]},"description":{"urls":[{"url":"http://t.co/jA8nz6NN5Z","indices":[106,128],"expanded_url":"http://fb.me/DailyMail","display_url":"fb.me/DailyMail"}]}},"followers_count":937430,"profile_sidebar_border_color":"FFFFFF","id_str":"15438913","profile_background_color":"000000","listed_count":8318,"is_translation_enabled":true,"utc_offset":3600,"statuses_count":132617,"description":"Top stories from the Daily Mail. Follow @DailyMail for U.S. news and @DailyMailPics for photos. Facebook: http://t.co/jA8nz6NN5Z","friends_count":2351,"location":"","profile_link_color":"004EB3","profile_image_url":"http://pbs.twimg.com/profile_images/532299325833883648/CU-y6QlF_normal.jpeg","following":false,"geo_enabled":false,"profile_banner_url":"https://pbs.twimg.com/profile_banners/15438913/1398279031","profile_background_image_url":"http://pbs.twimg.com/profile_background_images/378800000047824158/fbb4b789abbaea568d7588f6df3c2277.jpeg","name":"Daily Mail Online","lang":"en","profile_background_tile":false,"favourites_count":488,"screen_name":"MailOnline","notifications":false,"url":"http://t.co/5os3efPsqo","created_at":"Tue Jul 15 10:17:46 +0000 2008","contributors_enabled":false,"time_zone":"London","protected":false,"default_profile":false,"is_translator":false},"geo":null,"in_reply_to_user_id_str":null,"possibly_sensitive":false,"lang":"en","created_at":"Fri Mar 13 22:41:35 +0000 2015","in_reply_to_status_id_str":null,"place":null,"extended_entities":{"media":[{"expanded_url":"http://twitter.com/MailOnline/status/576513463738109954/photo/1","display_url":"pic.twitter.com/ZsAnBa5gz3","url":"http://t.co/ZsAnBa5gz3","media_url_https":"https://pbs.twimg.com/media/CAAv8NMWsAE72Rz.jpg","id_str":"576513463683559425","sizes":{"large":{"h":422,"resize":"fit","w":634},"small":{"h":226,"resize":"fit","w":340},"medium":{"h":399,"resize":"fit","w":600},"thumb":{"h":150,"resize":"crop","w":150}},"indices":[95,117],"type":"photo","id":576513463683559425,"media_url":"http://pbs.twimg.com/media/CAAv8NMWsAE72Rz.jpg"}]},"annotations":{"category":"Putin has fallen ill","is_rumour":"rumour","links":[],"misinformation":0.0},"splittext":["Putin","reappears","on","TV","amid","claims","he","is","unwell","and","under","threat","of","coup"]}
{"_id":{"$oid":"625f7f7f10423e72b042f583"},"contributors":null,"truncated":false,"text":"This appears to be the original source of the Putin/Kabayeva/Swiss clinic rumour http://t.co/bKfJTSGdca","in_reply_to_status_id":null,"id":576323086888361984,"favorite_count":13,"source":"<a href=\"http://twitter.com\" rel=\"nofollow\">Twitter Web Client</a>","retweeted":false,"coordinates":null,"entities":{"symbols":[],"user_mentions":[],"hashtags":[],"urls":[{"url":"http://t.co/bKfJTSGdca","indices":[81,103],"expanded_url":"http://www.blick.ch/news/schweiz/tessin/heisses-geruecht-um-alina-kabajewa-bringt-sie-putins-kind-im-tessin-zur-welt-id3563547.html","display_url":"blick.ch/news/schweiz/t…"}]},"in_reply_to_screen_name":null,"id_str":"576323086888361984","retweet_count":42,"in_reply_to_user_id":null,"favorited":false,"user":{"follow_request_sent":false,"profile_use_background_image":true,"profile_text_color":"5A5A5A","default_profile_image":false,"id":331658004,"profile_background_image_url_https":"https://pbs.twimg.com/profile_background_images/337316083/bbc_twitter_template1280.jpg","verified":true,"profile_location":null,"profile_image_url_https":"https://pbs.twimg.com/profile_images/1497949200/DanielSandfordSmall_normal.jpg","profile_sidebar_fill_color":"FFFFFF","entities":{"url":{"urls":[{"url":"http://t.co/tPNR3GoVZJ","indices":[0,22],"expanded_url":"http://news.bbc.co.uk","display_url":"news.bbc.co.uk"}]},"description":{"urls":[]}},"followers_count":46401,"profile_sidebar_border_color":"CCCCCC","id_str":"331658004","profile_background_color":"FFFFFF","listed_count":1748,"is_translation_enabled":false,"utc_offset":14400,"statuses_count":16759,"description":"I am Home Affairs Correspondent for BBC News. Police, prisons, law, crime and terrorism. Before that Moscow Correspondent so still tweet about Russia/Ukraine.","friends_count":2709,"location":"","profile_link_color":"1F527B","profile_image_url":"http://pbs.twimg.com/profile_images/1497949200/DanielSandfordSmall_normal.jpg","following":false,"geo_enabled":true,"profile_banner_url":"https://pbs.twimg.com/profile_banners/331658004/1360223450","profile_background_image_url":"http://pbs.twimg.com/profile_background_images/337316083/bbc_twitter_template1280.jpg","name":"Daniel Sandford","lang":"en","profile_background_tile":false,"favourites_count":0,"screen_name":"BBCDanielS","notifications":false,"url":"http://t.co/tPNR3GoVZJ","created_at":"Fri Jul 08 14:32:54 +0000 2011","contributors_enabled":false,"time_zone":"Moscow","protected":false,"default_profile":false,"is_translator":false},"geo":null,"in_reply_to_user_id_str":null,"possibly_sensitive":false,"lang":"en","created_at":"Fri Mar 13 10:05:06 +0000 2015","in_reply_to_status_id_str":null,"place":null,"annotations":{"category":"Putin's girlfriend is giving birth to their child in Switzerland","is_rumour":"rumour","links":[{"link":"http://www.express.co.uk/news/world/563703/UPDATE-Russian-President-Vladimir-Putin-baby-rumours-insider-warns-Kremlin-coup","mediatype":"news-media","position":"for"},{"link":"http://www.blick.ch/news/schweiz/tessin/heisses-geruecht-um-alina-kabajewa-bringt-sie-putins-kind-im-tessin-zur-welt-id3563547.html","mediatype":"news-media","position":"for"},{"link":"http://beta.nzz.ch/schweiz/geruechte-um-putin-nachwuchs-1.18501421","mediatype":"news-media","position":"for"},{"link":"http://www.bild.de/politik/ausland/wladimir-putin/putin-freundin-bringt-in-der-schweiz-kind-zur-welt-40141982.bild.html","mediatype":"news-media","position":"for"}],"misinformation":0.0},"splittext":["This","appears","to","be","the","original","source","of","the","Putin/Kabayeva/Swiss","clinic","rumour"]}
{"_id":{"$oid":"625f816410423e72b042f587"},"contributors":null,"truncated":false,"text":"Was Vladimir Putin netralized by an internal coup? Or maybe he's vacationing in Harper's closet:  http://t.co/tlr3cFLEyv #LookingForNarnia","in_reply_to_status_id":null,"id":577258317942149120,"favorite_count":4,"source":"<a href=\"http://twitter.com/#!/download/ipad\" rel=\"nofollow\">Twitter for iPad</a>","retweeted":false,"coordinates":null,"entities":{"symbols":[],"user_mentions":[],"hashtags":[{"indices":[121,138],"text":"LookingForNarnia"}],"urls":[{"url":"http://t.co/tlr3cFLEyv","indices":[98,120],"expanded_url":"http://linkis.com/www.dailymail.co.uk/XL62C","display_url":"linkis.com/www.dailymail.…"}]},"in_reply_to_screen_name":null,"id_str":"577258317942149120","retweet_count":7,"in_reply_to_user_id":null,"favorited":false,"user":{"follow_request_sent":false,"profile_use_background_image":true,"profile_text_color":"333333","default_profile_image":false,"id":1427757265,"profile_background_image_url_https":"https://abs.twimg.com/images/themes/theme10/bg.gif","verified":false,"profile_location":null,"profile_image_url_https":"https://pbs.twimg.com/profile_images/435094290855784448/kY-0ENdl_normal.jpeg","profile_sidebar_fill_color":"DDEEF6","entities":{"description":{"urls":[]}},"followers_count":11502,"profile_sidebar_border_color":"FFFFFF","id_str":"1427757265","profile_background_color":"642D8B","listed_count":126,"is_translation_enabled":false,"utc_offset":-25200,"statuses_count":171898,"description":"Your character is who you are if you can get away with something.  Question everything. Especially anything coming from the CPC.","friends_count":2580,"location":"Not in Harper's Closet, BC ","profile_link_color":"0040FF","profile_image_url":"http://pbs.twimg.com/profile_images/435094290855784448/kY-0ENdl_normal.jpeg","following":false,"geo_enabled":true,"profile_banner_url":"https://pbs.twimg.com/profile_banners/1427757265/1427553454","profile_background_image_url":"http://abs.twimg.com/images/themes/theme10/bg.gif","name":"PatRiotchick","lang":"en","profile_background_tile":true,"favourites_count":48986,"screen_name":"PatOndabak","notifications":false,"url":null,"created_at":"Tue May 14 12:42:51 +0000 2013","contributors_enabled":false,"time_zone":"Pacific Time (US & Canada)","protected":false,"default_profile":false,"is_translator":false},"geo":null,"in_reply_to_user_id_str":null,"possibly_sensitive":false,"lang":"en","created_at":"Mon Mar 16 00:01:22 +0000 2015","in_reply_to_status_id_str":null,"place":null,"annotations":{"category":"Putin is facing a \"palace coup\"","is_rumour":"rumour","links":[{"link":"http://www.forbes.com/sites/katyasoldak/2015/03/12/can-putins-absence-indicate-a-palace-coup-in-moscow/","mediatype":"news-media","position":"for"},{"link":"http://www.express.co.uk/news/world/563703/UPDATE-Russian-President-Vladimir-Putin-baby-rumours-insider-warns-Kremlin-coup","mediatype":"news-media","position":"for"},{"link":"http://www.theblaze.com/stories/2015/03/14/vladimir-putins-disappearance-could-mean-russias-undergoing-a-coup/","mediatype":"news-media","position":"for"}],"misinformation":0.0},"splittext":["Was","Vladimir","Putin","netralized","by","an","internal","coup?","Or","maybe","he's","vacationing","in","Harper's","closet:","","#LookingForNarnia"]}
{"_id":{"$oid":"625f812d10423e72b042f586"},"contributors":null,"truncated":false,"text":"Coup? RT @jimgeraghty: Rumors all Russian military attaches at embassy in London have returned to Moscow: http://t.co/e8ZoFxtfHX","in_reply_to_status_id":null,"id":576755174531862529,"favorite_count":0,"source":"<a href=\"https://about.twitter.com/products/tweetdeck\" rel=\"nofollow\">TweetDeck</a>","retweeted":false,"coordinates":null,"entities":{"symbols":[],"user_mentions":[{"id":15335534,"indices":[9,21],"id_str":"15335534","screen_name":"jimgeraghty","name":"jimgeraghty"}],"hashtags":[],"urls":[{"url":"http://t.co/e8ZoFxtfHX","indices":[106,128],"expanded_url":"http://bit.ly/1FeqouO","display_url":"bit.ly/1FeqouO"}]},"in_reply_to_screen_name":null,"id_str":"576755174531862529","retweet_count":4,"in_reply_to_user_id":null,"favorited":false,"user":{"follow_request_sent":false,"profile_use_background_image":true,"profile_text_color":"895429","default_profile_image":false,"id":16931849,"profile_background_image_url_https":"https://pbs.twimg.com/profile_background_images/156383277/x70a57afe0b341f64410070b2b95dc70.jpg","verified":false,"profile_location":null,"profile_image_url_https":"https://pbs.twimg.com/profile_images/553947688719237121/LvCh9P9n_normal.jpeg","profile_sidebar_fill_color":"0E0D02","entities":{"url":{"urls":[{"url":"http://t.co/yTIAWMdHjI","indices":[0,22],"expanded_url":"http://pubsecrets.wordpress.com/","display_url":"pubsecrets.wordpress.com"}]},"description":{"urls":[]}},"followers_count":14471,"profile_sidebar_border_color":"BEDFB6","id_str":"16931849","profile_background_color":"0E0D02","listed_count":594,"is_translation_enabled":false,"utc_offset":-25200,"statuses_count":184334,"description":"Freelance literary tart. Fiscal, national security, judicial conservative. Secular apatheist, i.e., not atheist, not agnostic, just not religious. #ToldjahArmy","friends_count":11175,"location":"King's Palace, Numenor","profile_link_color":"39BD91","profile_image_url":"http://pbs.twimg.com/profile_images/553947688719237121/LvCh9P9n_normal.jpeg","following":false,"geo_enabled":false,"profile_banner_url":"https://pbs.twimg.com/profile_banners/16931849/1401147498","profile_background_image_url":"http://pbs.twimg.com/profile_background_images/156383277/x70a57afe0b341f64410070b2b95dc70.jpg","name":"Phineas Fahrquar","lang":"en","profile_background_tile":false,"favourites_count":38,"screen_name":"irishspy","notifications":false,"url":"http://t.co/yTIAWMdHjI","created_at":"Thu Oct 23 18:07:29 +0000 2008","contributors_enabled":false,"time_zone":"Pacific Time (US & Canada)","protected":false,"default_profile":false,"is_translator":false},"geo":null,"in_reply_to_user_id_str":null,"possibly_sensitive":false,"lang":"en","created_at":"Sat Mar 14 14:42:03 +0000 2015","in_reply_to_status_id_str":null,"place":null,"annotations":{"category":"Putin is facing a \"palace coup\"","is_rumour":"rumour","links":[{"link":"http://www.forbes.com/sites/katyasoldak/2015/03/12/can-putins-absence-indicate-a-palace-coup-in-moscow/","mediatype":"news-media","position":"for"},{"link":"http://www.express.co.uk/news/world/563703/UPDATE-Russian-President-Vladimir-Putin-baby-rumours-insider-warns-Kremlin-coup","mediatype":"news-media","position":"for"},{"link":"http://www.theblaze.com/stories/2015/03/14/vladimir-putins-disappearance-could-mean-russias-undergoing-a-coup/","mediatype":"news-media","position":"for"}],"misinformation":0.0},"splittext":["Coup?","RT","@jimgeraghty:","Rumors","all","Russian","military","attaches","at","embassy","in","London","have","returned","to","Moscow:"]}
{"_id":{"$oid":"625f80e510423e72b042f585"},"contributors":null,"truncated":false,"text":"Hoppla! @L0gg0l: Swiss Rumors: Putin absence due to girlfriend Alina giving birth in Ticino http://t.co/vZnGDH1Qys http://t.co/5TvXSdvd1H","in_reply_to_status_id":null,"id":576319832800555008,"favorite_count":26,"source":"<a href=\"https://about.twitter.com/products/tweetdeck\" rel=\"nofollow\">TweetDeck</a>","retweeted":false,"coordinates":null,"entities":{"symbols":[],"user_mentions":[{"id":65616414,"indices":[8,15],"id_str":"65616414","screen_name":"L0gg0l","name":"Gregor Peter"}],"hashtags":[],"urls":[{"url":"http://t.co/vZnGDH1Qys","indices":[92,114],"expanded_url":"http://www.blick.ch/news/schweiz/tessin/heisses-geruecht-um-alina-kabajewa-bringt-sie-putins-kind-im-tessin-zur-welt-id3563547.html","display_url":"blick.ch/news/schweiz/t…"}],"media":[{"expanded_url":"http://twitter.com/russian_market/status/576319832800555008/photo/1","display_url":"pic.twitter.com/5TvXSdvd1H","url":"http://t.co/5TvXSdvd1H","media_url_https":"https://pbs.twimg.com/media/B_9_eeXUMAEL2ta.png","id_str":"576319438850371585","sizes":{"small":{"h":329,"resize":"fit","w":340},"large":{"h":681,"resize":"fit","w":703},"medium":{"h":581,"resize":"fit","w":600},"thumb":{"h":150,"resize":"crop","w":150}},"indices":[115,137],"type":"photo","id":576319438850371585,"media_url":"http://pbs.twimg.com/media/B_9_eeXUMAEL2ta.png"}]},"in_reply_to_screen_name":null,"id_str":"576319832800555008","retweet_count":69,"in_reply_to_user_id":null,"favorited":false,"user":{"follow_request_sent":false,"profile_use_background_image":true,"profile_text_color":"333333","default_profile_image":false,"id":243318995,"profile_background_image_url_https":"https://pbs.twimg.com/profile_background_images/553506414765699072/Du3lQNwj.png","verified":false,"profile_location":null,"profile_image_url_https":"https://pbs.twimg.com/profile_images/589176944467570689/F0bWKSXZ_normal.jpg","profile_sidebar_fill_color":"DDEEF6","entities":{"url":{"urls":[{"url":"https://t.co/ODh21aSvRN","indices":[0,23],"expanded_url":"https://www.facebook.com/russianmarket.russianmarket","display_url":"facebook.com/russianmarket.…"}]},"description":{"urls":[{"url":"https://t.co/Ybi2xK1EYB","indices":[4,27],"expanded_url":"https://www.vk.com/id299400051","display_url":"vk.com/id299400051"}]}},"followers_count":136179,"profile_sidebar_border_color":"FFFFFF","id_str":"243318995","profile_background_color":"050505","listed_count":1514,"is_translation_enabled":false,"utc_offset":14400,"statuses_count":74770,"description":"VK: https://t.co/Ybi2xK1EYB","friends_count":388,"location":"Zurich, Switzerland","profile_link_color":"3B94D9","profile_image_url":"http://pbs.twimg.com/profile_images/589176944467570689/F0bWKSXZ_normal.jpg","following":false,"geo_enabled":true,"profile_banner_url":"https://pbs.twimg.com/profile_banners/243318995/1429205877","profile_background_image_url":"http://pbs.twimg.com/profile_background_images/553506414765699072/Du3lQNwj.png","name":"*Russian Market","lang":"ru","profile_background_tile":true,"favourites_count":587,"screen_name":"russian_market","notifications":false,"url":"https://t.co/ODh21aSvRN","created_at":"Wed Jan 26 19:56:43 +0000 2011","contributors_enabled":false,"time_zone":"Volgograd","protected":false,"default_profile":false,"is_translator":false},"geo":null,"in_reply_to_user_id_str":null,"possibly_sensitive":false,"lang":"en","created_at":"Fri Mar 13 09:52:10 +0000 2015","in_reply_to_status_id_str":null,"place":null,"extended_entities":{"media":[{"expanded_url":"http://twitter.com/russian_market/status/576319832800555008/photo/1","display_url":"pic.twitter.com/5TvXSdvd1H","url":"http://t.co/5TvXSdvd1H","media_url_https":"https://pbs.twimg.com/media/B_9_eeXUMAEL2ta.png","id_str":"576319438850371585","sizes":{"small":{"h":329,"resize":"fit","w":340},"large":{"h":681,"resize":"fit","w":703},"medium":{"h":581,"resize":"fit","w":600},"thumb":{"h":150,"resize":"crop","w":150}},"indices":[115,137],"type":"photo","id":576319438850371585,"media_url":"http://pbs.twimg.com/media/B_9_eeXUMAEL2ta.png"}]},"annotations":{"category":"Putin's girlfriend is giving birth to their child in Switzerland","is_rumour":"rumour","links":[{"link":"http://www.express.co.uk/news/world/563703/UPDATE-Russian-President-Vladimir-Putin-baby-rumours-insider-warns-Kremlin-coup","mediatype":"news-media","position":"for"},{"link":"http://www.blick.ch/news/schweiz/tessin/heisses-geruecht-um-alina-kabajewa-bringt-sie-putins-kind-im-tessin-zur-welt-id3563547.html","mediatype":"news-media","position":"for"},{"link":"http://beta.nzz.ch/schweiz/geruechte-um-putin-nachwuchs-1.18501421","mediatype":"news-media","position":"for"},{"link":"http://www.bild.de/politik/ausland/wladimir-putin/putin-freundin-bringt-in-der-schweiz-kind-zur-welt-40141982.bild.html","mediatype":"news-media","position":"for"}],"misinformation":0.0},"splittext":["Hoppla!","@L0gg0l:","Swiss","Rumors:","Putin","absence","due","to","girlfriend","Alina","giving","birth","in","Ticino"]}
{"_id":{"$oid":"625f7fef10423e72b042f584"},"contributors":null,"truncated":false,"text":"Coup in #Russia? Good article by @Forbes. http://t.co/aaNCpb0blW #RamzanKadyrov #Putin #putindead http://t.co/OfivdTlTbO","in_reply_to_status_id":null,"id":576276947648405505,"favorite_count":4,"source":"<a href=\"http://twitter.com/download/iphone\" rel=\"nofollow\">Twitter for iPhone</a>","retweeted":false,"coordinates":null,"entities":{"symbols":[],"user_mentions":[{"id":91478624,"indices":[33,40],"id_str":"91478624","screen_name":"Forbes","name":"Forbes"}],"hashtags":[{"indices":[8,15],"text":"Russia"},{"indices":[65,79],"text":"RamzanKadyrov"},{"indices":[80,86],"text":"Putin"},{"indices":[87,97],"text":"putindead"}],"urls":[{"url":"http://t.co/aaNCpb0blW","indices":[42,64],"expanded_url":"http://onforb.es/1BAYVBl","display_url":"onforb.es/1BAYVBl"}],"media":[{"expanded_url":"http://twitter.com/AmDefNews/status/576276947648405505/photo/1","display_url":"pic.twitter.com/OfivdTlTbO","url":"http://t.co/OfivdTlTbO","media_url_https":"https://pbs.twimg.com/media/B_9Y0-uVIAArAuH.jpg","id_str":"576276944540475392","sizes":{"large":{"h":284,"resize":"fit","w":533},"small":{"h":181,"resize":"fit","w":340},"medium":{"h":284,"resize":"fit","w":533},"thumb":{"h":150,"resize":"crop","w":150}},"indices":[98,120],"type":"photo","id":576276944540475392,"media_url":"http://pbs.twimg.com/media/B_9Y0-uVIAArAuH.jpg"}]},"in_reply_to_screen_name":null,"id_str":"576276947648405505","retweet_count":4,"in_reply_to_user_id":null,"favorited":false,"user":{"follow_request_sent":false,"profile_use_background_image":true,"profile_text_color":"333333","default_profile_image":false,"id":1333122608,"profile_background_image_url_https":"https://abs.twimg.com/images/themes/theme14/bg.gif","verified":false,"profile_location":null,"profile_image_url_https":"https://pbs.twimg.com/profile_images/3487688631/f939c9d117abe0e4274cc3465826bd0d_normal.jpeg","profile_sidebar_fill_color":"EFEFEF","entities":{"url":{"urls":[{"url":"http://t.co/4OxTyJTW9d","indices":[0,22],"expanded_url":"http://www.facebook.com/AmericanDefenseNews","display_url":"facebook.com/AmericanDefens…"}]},"description":{"urls":[]}},"followers_count":1485,"profile_sidebar_border_color":"EEEEEE","id_str":"1333122608","profile_background_color":"131516","listed_count":63,"is_translation_enabled":false,"utc_offset":-25200,"statuses_count":9717,"description":"US & allied defense news from a constitutionalist perspecive. Supportive of our military, police, clandestine & emergency services. @Politalkal","friends_count":972,"location":"USA(not affiliated w/ USgovt.)","profile_link_color":"009999","profile_image_url":"http://pbs.twimg.com/profile_images/3487688631/f939c9d117abe0e4274cc3465826bd0d_normal.jpeg","following":false,"geo_enabled":false,"profile_banner_url":"https://pbs.twimg.com/profile_banners/1333122608/1379777845","profile_background_image_url":"http://abs.twimg.com/images/themes/theme14/bg.gif","name":"AmericanDefenseNews","lang":"en","profile_background_tile":true,"favourites_count":1954,"screen_name":"AmDefNews","notifications":false,"url":"http://t.co/4OxTyJTW9d","created_at":"Sun Apr 07 04:08:43 +0000 2013","contributors_enabled":false,"time_zone":"Pacific Time (US & Canada)","protected":false,"default_profile":false,"is_translator":false},"geo":null,"in_reply_to_user_id_str":null,"possibly_sensitive":false,"lang":"en","created_at":"Fri Mar 13 07:01:45 +0000 2015","in_reply_to_status_id_str":null,"place":null,"extended_entities":{"media":[{"expanded_url":"http://twitter.com/AmDefNews/status/576276947648405505/photo/1","display_url":"pic.twitter.com/OfivdTlTbO","url":"http://t.co/OfivdTlTbO","media_url_https":"https://pbs.twimg.com/media/B_9Y0-uVIAArAuH.jpg","id_str":"576276944540475392","sizes":{"large":{"h":284,"resize":"fit","w":533},"small":{"h":181,"resize":"fit","w":340},"medium":{"h":284,"resize":"fit","w":533},"thumb":{"h":150,"resize":"crop","w":150}},"indices":[98,120],"type":"photo","id":576276944540475392,"media_url":"http://pbs.twimg.com/media/B_9Y0-uVIAArAuH.jpg"}]},"annotations":{"category":"Putin is facing a \"palace coup\"","is_rumour":"rumour","links":[{"link":"http://www.forbes.com/sites/katyasoldak/2015/03/12/can-putins-absence-indicate-a-palace-coup-in-moscow/","mediatype":"news-media","position":"for"},{"link":"http://www.express.co.uk/news/world/563703/UPDATE-Russian-President-Vladimir-Putin-baby-rumours-insider-warns-Kremlin-coup","mediatype":"news-media","position":"for"},{"link":"http://www.theblaze.com/stories/2015/03/14/vladimir-putins-disappearance-could-mean-russias-undergoing-a-coup/","mediatype":"news-media","position":"for"}],"misinformation":0.0},"splittext":["Coup","in","#Russia?","Good","article","by","@Forbes.","#RamzanKadyrov","#Putin","#putindead"]}
{"_id":{"$oid":"625f81bf10423e72b042f588"},"contributors":null,"truncated":false,"text":"Unformed Russian Embassy staff in London have left for Russia  Rumours Putin HAS DIED! http://t.co/zSIV8w6FJ2 via @ShaunyNews #PutinDead?","in_reply_to_status_id":null,"id":576796432730071040,"favorite_count":2,"source":"<a href=\"http://twitter.com\" rel=\"nofollow\">Twitter Web Client</a>","retweeted":false,"coordinates":null,"entities":{"symbols":[],"user_mentions":[{"id":1735194972,"indices":[114,125],"id_str":"1735194972","screen_name":"ShaunyNews","name":"ShaunyNews"}],"hashtags":[{"indices":[126,136],"text":"PutinDead"}],"urls":[{"url":"http://t.co/zSIV8w6FJ2","indices":[87,109],"expanded_url":"http://wp.me/p4thS8-3Z7","display_url":"wp.me/p4thS8-3Z7"}]},"in_reply_to_screen_name":null,"id_str":"576796432730071040","retweet_count":5,"in_reply_to_user_id":null,"favorited":false,"user":{"follow_request_sent":false,"profile_use_background_image":true,"profile_text_color":"333333","default_profile_image":false,"id":1735194972,"profile_background_image_url_https":"https://pbs.twimg.com/profile_background_images/537540626946859008/kdgZRA9r.jpeg","verified":false,"profile_location":null,"profile_image_url_https":"https://pbs.twimg.com/profile_images/541853101922074624/RC1vb5bY_normal.jpeg","profile_sidebar_fill_color":"EFEFEF","entities":{"url":{"urls":[{"url":"http://t.co/1dmFaILYEm","indices":[0,22],"expanded_url":"http://shaunynews.com/","display_url":"shaunynews.com"}]},"description":{"urls":[]}},"followers_count":5011,"profile_sidebar_border_color":"000000","id_str":"1735194972","profile_background_color":"131516","listed_count":42,"is_translation_enabled":false,"utc_offset":3600,"statuses_count":19002,"description":"Living With Fibromyalgia","friends_count":5103,"location":"Scotland","profile_link_color":"4A913C","profile_image_url":"http://pbs.twimg.com/profile_images/541853101922074624/RC1vb5bY_normal.jpeg","following":false,"geo_enabled":false,"profile_banner_url":"https://pbs.twimg.com/profile_banners/1735194972/1422333241","profile_background_image_url":"http://pbs.twimg.com/profile_background_images/537540626946859008/kdgZRA9r.jpeg","name":"ShaunyNews","lang":"en","profile_background_tile":true,"favourites_count":4204,"screen_name":"ShaunyNews","notifications":false,"url":"http://t.co/1dmFaILYEm","created_at":"Fri Sep 06 14:05:17 +0000 2013","contributors_enabled":false,"time_zone":"London","protected":false,"default_profile":false,"is_translator":false},"geo":null,"in_reply_to_user_id_str":null,"possibly_sensitive":false,"lang":"en","created_at":"Sat Mar 14 17:26:00 +0000 2015","in_reply_to_status_id_str":null,"place":null,"annotations":{"category":"Putin has died","is_rumour":"rumour","links":[],"misinformation":"1"},"splittext":["Unformed","Russian","Embassy","staff","in","London","have","left","for","Russia","","Rumours","Putin","HAS","DIED!","via","@ShaunyNews","#PutinDead?"]}
{"_id":{"$oid":"625f826510423e72b042f58a"},"contributors":null,"truncated":false,"text":"Putin reappears on television amid rumours his 'girlfriend' is about 2 give birth http://t.co/yJuN1F0QXE http://t.co/B7FXmo03jK @Scofield_Fx","in_reply_to_status_id":null,"id":576812998418939904,"favorite_count":0,"source":"<a href=\"http://tapbots.com/tweetbot\" rel=\"nofollow\">Tweetbot for iΟS</a>","retweeted":false,"coordinates":null,"entities":{"symbols":[],"user_mentions":[{"id":38402800,"indices":[128,140],"id_str":"38402800","screen_name":"Scofield_Fx","name":"SCOFIELD!!!"}],"hashtags":[],"urls":[{"url":"http://t.co/yJuN1F0QXE","indices":[82,104],"expanded_url":"http://dailym.ai/18L6L0C","display_url":"dailym.ai/18L6L0C"}],"media":[{"source_user_id":15438913,"source_status_id_str":"576812336952000512","expanded_url":"http://twitter.com/MailOnline/status/576812336952000512/photo/1","display_url":"pic.twitter.com/B7FXmo03jK","url":"http://t.co/B7FXmo03jK","media_url_https":"https://pbs.twimg.com/media/CAE_w6hWgAEYU9I.jpg","source_user_id_str":"15438913","source_status_id":576812336952000512,"id_str":"576812336855547905","sizes":{"large":{"h":422,"resize":"fit","w":634},"small":{"h":226,"resize":"fit","w":340},"medium":{"h":399,"resize":"fit","w":600},"thumb":{"h":150,"resize":"crop","w":150}},"indices":[105,127],"type":"photo","id":576812336855547905,"media_url":"http://pbs.twimg.com/media/CAE_w6hWgAEYU9I.jpg"}]},"in_reply_to_screen_name":null,"id_str":"576812998418939904","retweet_count":2,"in_reply_to_user_id":null,"favorited":false,"user":{"follow_request_sent":false,"profile_use_background_image":true,"profile_text_color":"333333","default_profile_image":false,"id":516525338,"profile_background_image_url_https":"https://abs.twimg.com/images/themes/theme1/bg.png","verified":false,"profile_location":null,"profile_image_url_https":"https://pbs.twimg.com/profile_images/417640180062105600/h7tngq2Y_normal.jpeg","profile_sidebar_fill_color":"DDEEF6","entities":{"description":{"urls":[]}},"followers_count":1372,"profile_sidebar_border_color":"C0DEED","id_str":"516525338","profile_background_color":"C0DEED","listed_count":21,"is_translation_enabled":false,"utc_offset":null,"statuses_count":21279,"description":"Forensic Psychiatrist, business-woman, mother, l luv reading, football mad, luv a gud political debate, Man United Official Member & in luv with a wonderful man","friends_count":1097,"location":"Richmond, Surrey. UK","profile_link_color":"0084B4","profile_image_url":"http://pbs.twimg.com/profile_images/417640180062105600/h7tngq2Y_normal.jpeg","following":false,"geo_enabled":true,"profile_banner_url":"https://pbs.twimg.com/profile_banners/516525338/1368567820","profile_background_image_url":"http://abs.twimg.com/images/themes/theme1/bg.png","name":"Dr Tammi","lang":"en","profile_background_tile":false,"favourites_count":6608,"screen_name":"maNkomo16","notifications":false,"url":null,"created_at":"Tue Mar 06 13:30:50 +0000 2012","contributors_enabled":false,"time_zone":null,"protected":false,"default_profile":true,"is_translator":false},"geo":null,"in_reply_to_user_id_str":null,"possibly_sensitive":false,"lang":"en","created_at":"Sat Mar 14 18:31:50 +0000 2015","in_reply_to_status_id_str":null,"place":null,"extended_entities":{"media":[{"source_user_id":15438913,"source_status_id_str":"576812336952000512","expanded_url":"http://twitter.com/MailOnline/status/576812336952000512/photo/1","display_url":"pic.twitter.com/B7FXmo03jK","url":"http://t.co/B7FXmo03jK","media_url_https":"https://pbs.twimg.com/media/CAE_w6hWgAEYU9I.jpg","source_user_id_str":"15438913","source_status_id":576812336952000512,"id_str":"576812336855547905","sizes":{"large":{"h":422,"resize":"fit","w":634},"small":{"h":226,"resize":"fit","w":340},"medium":{"h":399,"resize":"fit","w":600},"thumb":{"h":150,"resize":"crop","w":150}},"indices":[105,127],"type":"photo","id":576812336855547905,"media_url":"http://pbs.twimg.com/media/CAE_w6hWgAEYU9I.jpg"}]},"annotations":{"category":"Putin's girlfriend is giving birth to their child in Switzerland","is_rumour":"rumour","links":[{"link":"http://www.express.co.uk/news/world/563703/UPDATE-Russian-President-Vladimir-Putin-baby-rumours-insider-warns-Kremlin-coup","mediatype":"news-media","position":"for"},{"link":"http://www.blick.ch/news/schweiz/tessin/heisses-geruecht-um-alina-kabajewa-bringt-sie-putins-kind-im-tessin-zur-welt-id3563547.html","mediatype":"news-media","position":"for"},{"link":"http://beta.nzz.ch/schweiz/geruechte-um-putin-nachwuchs-1.18501421","mediatype":"news-media","position":"for"},{"link":"http://www.bild.de/politik/ausland/wladimir-putin/putin-freundin-bringt-in-der-schweiz-kind-zur-welt-40141982.bild.html","mediatype":"news-media","position":"for"}],"misinformation":0.0},"splittext":["Putin","reappears","on","television","amid","rumours","his","'girlfriend'","is","about","2","give","birth","@Scofield_Fx"]}
{"_id":{"$oid":"625f821d10423e72b042f589"},"contributors":null,"truncated":false,"text":"Very good on #Putin coup by @CoalsonR: Three Scenarios For A Succession In Russia http://t.co/fotdqxDfEV via @RFERL http://t.co/RdA0giizeb","in_reply_to_status_id":null,"id":576829262927413248,"favorite_count":36,"source":"<a href=\"http://twitter.com\" rel=\"nofollow\">Twitter Web Client</a>","retweeted":false,"coordinates":null,"entities":{"symbols":[],"user_mentions":[{"id":1240886010,"indices":[28,37],"id_str":"1240886010","screen_name":"CoalsonR","name":"Robert Coalson"},{"id":42700240,"indices":[109,115],"id_str":"42700240","screen_name":"RFERL","name":"RFE/RL"}],"hashtags":[{"indices":[13,19],"text":"Putin"}],"urls":[{"url":"http://t.co/fotdqxDfEV","indices":[82,104],"expanded_url":"http://www.rferl.org/content/russia-succession-scenarios/26899859.html","display_url":"rferl.org/content/russia…"}],"media":[{"expanded_url":"http://twitter.com/andersostlund/status/576829262927413248/photo/1","display_url":"pic.twitter.com/RdA0giizeb","url":"http://t.co/RdA0giizeb","media_url_https":"https://pbs.twimg.com/media/CAFPJ_fWAAACOwD.jpg","id_str":"576829260360450048","sizes":{"small":{"h":191,"resize":"fit","w":340},"large":{"h":360,"resize":"fit","w":640},"medium":{"h":337,"resize":"fit","w":600},"thumb":{"h":150,"resize":"crop","w":150}},"indices":[116,138],"type":"photo","id":576829260360450048,"media_url":"http://pbs.twimg.com/media/CAFPJ_fWAAACOwD.jpg"}]},"in_reply_to_screen_name":null,"id_str":"576829262927413248","retweet_count":68,"in_reply_to_user_id":null,"favorited":false,"user":{"follow_request_sent":false,"profile_use_background_image":true,"profile_text_color":"663B12","default_profile_image":false,"id":21575717,"profile_background_image_url_https":"https://pbs.twimg.com/profile_background_images/526817447563632641/5WRMmKqg.png","verified":false,"profile_location":null,"profile_image_url_https":"https://pbs.twimg.com/profile_images/526716609268703233/M7S1EBPJ_normal.png","profile_sidebar_fill_color":"D9DAF2","entities":{"url":{"urls":[{"url":"http://t.co/fhFjbDTMpF","indices":[0,22],"expanded_url":"http://www.fryday.net/","display_url":"fryday.net"}]},"description":{"urls":[]}},"followers_count":20968,"profile_sidebar_border_color":"FFFFFF","id_str":"21575717","profile_background_color":"C6E2EE","listed_count":496,"is_translation_enabled":false,"utc_offset":10800,"statuses_count":27861,"description":"Swede living in Ukraine since 2009. Founder of Fryday, an international network. RT sometimes endorsement.","friends_count":19605,"location":"Kyiv, Ukraine Київ, Україна","profile_link_color":"1F98C7","profile_image_url":"http://pbs.twimg.com/profile_images/526716609268703233/M7S1EBPJ_normal.png","following":false,"geo_enabled":true,"profile_banner_url":"https://pbs.twimg.com/profile_banners/21575717/1416768781","profile_background_image_url":"http://pbs.twimg.com/profile_background_images/526817447563632641/5WRMmKqg.png","name":"Anders Östlund","lang":"en","profile_background_tile":false,"favourites_count":22102,"screen_name":"andersostlund","notifications":false,"url":"http://t.co/fhFjbDTMpF","created_at":"Sun Feb 22 16:26:27 +0000 2009","contributors_enabled":false,"time_zone":"Kyiv","protected":false,"default_profile":false,"is_translator":false},"geo":null,"in_reply_to_user_id_str":null,"possibly_sensitive":false,"lang":"en","created_at":"Sat Mar 14 19:36:27 +0000 2015","in_reply_to_status_id_str":null,"place":null,"extended_entities":{"media":[{"expanded_url":"http://twitter.com/andersostlund/status/576829262927413248/photo/1","display_url":"pic.twitter.com/RdA0giizeb","url":"http://t.co/RdA0giizeb","media_url_https":"https://pbs.twimg.com/media/CAFPJ_fWAAACOwD.jpg","id_str":"576829260360450048","sizes":{"small":{"h":191,"resize":"fit","w":340},"large":{"h":360,"resize":"fit","w":640},"medium":{"h":337,"resize":"fit","w":600},"thumb":{"h":150,"resize":"crop","w":150}},"indices":[116,138],"type":"photo","id":576829260360450048,"media_url":"http://pbs.twimg.com/media/CAFPJ_fWAAACOwD.jpg"}]},"annotations":{"category":"Putin is facing a \"palace coup\"","is_rumour":"rumour","links":[{"link":"http://www.forbes.com/sites/katyasoldak/2015/03/12/can-putins-absence-indicate-a-palace-coup-in-moscow/","mediatype":"news-media","position":"for"},{"link":"http://www.express.co.uk/news/world/563703/UPDATE-Russian-President-Vladimir-Putin-baby-rumours-insider-warns-Kremlin-coup","mediatype":"news-media","position":"for"},{"link":"http://www.theblaze.com/stories/2015/03/14/vladimir-putins-disappearance-could-mean-russias-undergoing-a-coup/","mediatype":"news-media","position":"for"}],"misinformation":0.0},"splittext":["Very","good","on","#Putin","coup","by","@CoalsonR:","Three","Scenarios","For","A","Succession","In","Russia","via","@RFERL"]}
